,year,State,Population
0,1969,AK,294290
1,1969,AL,3411770
2,1969,AR,1893768
3,1969,AZ,1702945
4,1969,CA,19745905
5,1969,CO,2153153
6,1969,CT,3014615
7,1969,DC,760291
8,1969,DE,537811
9,1969,FL,6567950
10,1969,GA,4513265
11,1969,HI,751103
12,1969,IA,2809783
13,1969,ID,697487
14,1969,IL,11052819
15,1969,IN,5162578
16,1969,KS,2250328
17,1969,KY,3173740
18,1969,LA,3604367
19,1969,MA,5659435
20,1969,MD,3864521
21,1969,ME,980609
22,1969,MI,8827833
23,1969,MN,3778923
24,1969,MO,4650329
25,1969,MS,2187159
26,1969,MT,684222
27,1969,NC,5013668
28,1969,ND,612454
29,1969,NE,1473784
30,1969,NH,722955
31,1969,NJ,7104428
32,1969,NM,995273
33,1969,NV,469977
34,1969,NY,18167105
35,1969,OH,10610728
36,1969,OK,2523771
37,1969,OR,2056379
38,1969,PA,11750369
39,1969,RI,941122
40,1969,SC,2547708
41,1969,SD,663081
42,1969,TN,3874872
43,1969,TX,11010547
44,1969,UT,1034450
45,1969,VA,4589746
46,1969,VT,438948
47,1969,WA,3392905
48,1969,WI,4392904
49,1969,WV,1728411
50,1969,WY,327809
51,1970,AK,305328
52,1970,AL,3454557
53,1970,AR,1932816
54,1970,AZ,1799531
55,1970,CA,20045806
56,1970,CO,2228340
57,1970,CT,3038035
58,1970,DC,755466
59,1970,DE,551509
60,1970,FL,6865460
61,1970,GA,4611479
62,1970,HI,776177
63,1970,IA,2830777
64,1970,ID,718147
65,1970,IL,11129316
66,1970,IN,5206262
67,1970,KS,2248359
68,1970,KY,3236121
69,1970,LA,3657391
70,1970,MA,5699034
71,1970,MD,3943493
72,1970,ME,998135
73,1970,MI,8899844
74,1970,MN,3815381
75,1970,MO,4686588
76,1970,MS,2226138
77,1970,MT,697665
78,1970,NC,5107138
79,1970,ND,619616
80,1970,NE,1489064
81,1970,NH,742566
82,1970,NJ,7193210
83,1970,NM,1024290
84,1970,NV,494996
85,1970,NY,18266034
86,1970,OH,10672784
87,1970,OK,2570926
88,1970,OR,2103151
89,1970,PA,11817397
90,1970,RI,952555
91,1970,SC,2604662
92,1970,SD,667299
93,1970,TN,3942583
94,1970,TX,11260221
95,1970,UT,1067600
96,1970,VA,4671101
97,1970,VT,446649
98,1970,WA,3419974
99,1970,WI,4426419
100,1970,WV,1749347
101,1970,WY,333928
102,1971,AK,316366
103,1971,AL,3497349
104,1971,AR,1971940
105,1971,AZ,1896117
106,1971,CA,20345724
107,1971,CO,2303608
108,1971,CT,3061455
109,1971,DC,750641
110,1971,DE,565207
111,1971,FL,7162971
112,1971,GA,4709721
113,1971,HI,801251
114,1971,IA,2851875
115,1971,ID,738856
116,1971,IL,11205953
117,1971,IN,5250028
118,1971,KS,2246461
119,1971,KY,3298565
120,1971,LA,3710415
121,1971,MA,5738634
122,1971,MD,4022470
123,1971,ME,1015679
124,1971,MI,8971957
125,1971,MN,3851972
126,1971,MO,4722984
127,1971,MS,2265118
128,1971,MT,711153
129,1971,NC,5200624
130,1971,ND,626814
131,1971,NE,1504425
132,1971,NH,762190
133,1971,NJ,7281992
134,1971,NM,1053333
135,1971,NV,520027
136,1971,NY,18364991
137,1971,OH,10734897
138,1971,OK,2618115
139,1971,OR,2149942
140,1971,PA,11884462
141,1971,RI,963988
142,1971,SC,2661616
143,1971,SD,671564
144,1971,TN,4010338
145,1971,TX,11510036
146,1971,UT,1100798
147,1971,VA,4752480
148,1971,VT,454378
149,1971,WA,3447070
150,1971,WI,4460012
151,1971,WV,1770346
152,1971,WY,340058
153,1972,AK,326431
154,1972,AL,3540003
155,1972,AR,2017987
156,1972,AZ,2008852
157,1972,CA,20584918
158,1972,CO,2404715
159,1972,CT,3069631
160,1972,DC,743778
161,1972,DE,573824
162,1972,FL,7520382
163,1972,GA,4806621
164,1972,HI,827610
165,1972,IA,2860464
166,1972,ID,763315
167,1972,IL,11258208
168,1972,IN,5296219
169,1972,KS,2255791
170,1972,KY,3336275
171,1972,LA,3761799
172,1972,MA,5762150
173,1972,MD,4081123
174,1972,ME,1034816
175,1972,MI,9024729
176,1972,MN,3866890
177,1972,MO,4753328
178,1972,MS,2306980
179,1972,MT,719272
180,1972,NC,5296063
181,1972,ND,631073
182,1972,NE,1518356
183,1972,NH,781710
184,1972,NJ,7336570
185,1972,NM,1077889
186,1972,NV,546805
187,1972,NY,18351888
188,1972,OH,10747042
189,1972,OK,2657777
190,1972,OR,2195316
191,1972,PA,11904626
192,1972,RI,976384
193,1972,SC,2718294
194,1972,SD,677476
195,1972,TN,4088549
196,1972,TX,11759213
197,1972,UT,1134632
198,1972,VA,4827910
199,1972,VT,463212
200,1972,WA,3446895
201,1972,WI,4498455
202,1972,WV,1796949
203,1972,WY,346893
204,1973,AK,333134
205,1973,AL,3580759
206,1973,AR,2058402
207,1973,AZ,2125305
208,1973,CA,20867894
209,1973,CO,2495942
210,1973,CT,3069158
211,1973,DC,733677
212,1973,DE,579100
213,1973,FL,7927232
214,1973,GA,4906450
215,1973,HI,850517
216,1973,IA,2864033
217,1973,ID,782142
218,1973,IL,11260386
219,1973,IN,5329163
220,1973,KS,2264585
221,1973,KY,3371741
222,1973,LA,3788684
223,1973,MA,5783836
224,1973,MD,4109069
225,1973,ME,1046432
226,1973,MI,9071832
227,1973,MN,3885200
228,1973,MO,4774667
229,1973,MS,2349565
230,1973,MT,727504
231,1973,NC,5382396
232,1973,ND,632500
233,1973,NE,1528599
234,1973,NH,801832
235,1973,NJ,7335280
236,1973,NM,1104347
237,1973,NV,568946
238,1973,NY,18194899
239,1973,OH,10767335
240,1973,OK,2694412
241,1973,OR,2238985
242,1973,PA,11885290
243,1973,RI,978018
244,1973,SC,2775339
245,1973,SD,678998
246,1973,TN,4138628
247,1973,TX,12019599
248,1973,UT,1168826
249,1973,VA,4906505
250,1973,VT,468547
251,1973,WA,3477308
252,1973,WI,4518503
253,1973,WV,1805347
254,1973,WY,353385
255,1974,AK,344658
256,1974,AL,3627778
257,1974,AR,2100229
258,1974,AZ,2224356
259,1974,CA,21172684
260,1974,CO,2541424
261,1974,CT,3075790
262,1974,DC,720758
263,1974,DE,583149
264,1974,FL,8317073
265,1974,GA,4994465
266,1974,HI,866559
267,1974,IA,2867942
268,1974,ID,808043
269,1974,IL,11273801
270,1974,IN,5349955
271,1974,KS,2268075
272,1974,KY,3417229
273,1974,LA,3820684
274,1974,MA,5777027
275,1974,MD,4133329
276,1974,ME,1060069
277,1974,MI,9109456
278,1974,MN,3898512
279,1974,MO,4785480
280,1974,MS,2378460
281,1974,MT,737316
282,1974,NC,5461082
283,1974,ND,634267
284,1974,NE,1537905
285,1974,NH,817071
286,1974,NJ,7335230
287,1974,NM,1129663
288,1974,NV,596747
289,1974,NY,18072890
290,1974,OH,10765749
291,1974,OK,2732590
292,1974,OR,2281008
293,1974,PA,11864002
294,1974,RI,953519
295,1974,SC,2843112
296,1974,SD,679892
297,1974,TN,4201789
298,1974,TX,12268221
299,1974,UT,1198852
300,1974,VA,4978036
301,1974,VT,473148
302,1974,WA,3547959
303,1974,WI,4538220
304,1974,WV,1814115
305,1974,WY,364575
306,1975,AK,370866
307,1975,AL,3680495
308,1975,AR,2158257
309,1975,AZ,2286342
310,1975,CA,21536811
311,1975,CO,2586243
312,1975,CT,3084745
313,1975,DC,710304
314,1975,DE,588737
315,1975,FL,8541584
316,1975,GA,5058099
317,1975,HI,884406
318,1975,IA,2881482
319,1975,ID,832061
320,1975,IL,11306443
321,1975,IN,5351155
322,1975,KS,2278947
323,1975,KY,3468957
324,1975,LA,3886835
325,1975,MA,5762168
326,1975,MD,4157172
327,1975,ME,1073287
328,1975,MI,9107933
329,1975,MN,3925808
330,1975,MO,4795560
331,1975,MS,2399711
332,1975,MT,749209
333,1975,NC,5535035
334,1975,ND,638605
335,1975,NE,1541653
336,1975,NH,830038
337,1975,NJ,7341399
338,1975,NM,1162743
339,1975,NV,619877
340,1975,NY,18032337
341,1975,OH,10770620
342,1975,OK,2771958
343,1975,OR,2324646
344,1975,PA,11897884
345,1975,RI,946352
346,1975,SC,2900130
347,1975,SD,681489
348,1975,TN,4260943
349,1975,TX,12568317
350,1975,UT,1233990
351,1975,VA,5056199
352,1975,VT,479897
353,1975,WA,3618928
354,1975,WI,4569660
355,1975,WV,1840660
356,1975,WY,380537
357,1976,AK,392998
358,1976,AL,3737038
359,1976,AR,2168656
360,1976,AZ,2347970
361,1976,CA,21934604
362,1976,CO,2632370
363,1976,CT,3085999
364,1976,DC,696305
365,1976,DE,592753
366,1976,FL,8695198
367,1976,GA,5125734
368,1976,HI,902061
369,1976,IA,2903776
370,1976,ID,857076
371,1976,IL,11360331
372,1976,IN,5371615
373,1976,KS,2298892
374,1976,KY,3530680
375,1976,LA,3951506
376,1976,MA,5748885
377,1976,MD,4172112
378,1976,ME,1089964
379,1976,MI,9117539
380,1976,MN,3956673
381,1976,MO,4823715
382,1976,MS,2430110
383,1976,MT,758597
384,1976,NC,5593340
385,1976,ND,645429
386,1976,NE,1549128
387,1976,NH,847025
388,1976,NJ,7344079
389,1976,NM,1195208
390,1976,NV,646870
391,1976,NY,17974781
392,1976,OH,10752843
393,1976,OK,2823332
394,1976,OR,2372217
395,1976,PA,11887569
396,1976,RI,950328
397,1976,SC,2941304
398,1976,SD,686917
399,1976,TN,4329200
400,1976,TX,12903392
401,1976,UT,1272410
402,1976,VA,5132519
403,1976,VT,485172
404,1976,WA,3690628
405,1976,WI,4584747
406,1976,WV,1877536
407,1976,WY,395493
408,1977,AK,397220
409,1977,AL,3782571
410,1977,AR,2207195
411,1977,AZ,2427296
412,1977,CA,22350332
413,1977,CO,2696179
414,1977,CT,3088745
415,1977,DC,681766
416,1977,DE,594815
417,1977,FL,8888806
418,1977,GA,5211306
419,1977,HI,915753
420,1977,IA,2914404
421,1977,ID,883539
422,1977,IL,11406331
423,1977,IN,5405151
424,1977,KS,2318147
425,1977,KY,3575221
426,1977,LA,4015423
427,1977,MA,5744117
428,1977,MD,4194629
429,1977,ME,1105357
430,1977,MI,9157357
431,1977,MN,3979937
432,1977,MO,4845283
433,1977,MS,2459607
434,1977,MT,771428
435,1977,NC,5668363
436,1977,ND,649294
437,1977,NE,1554759
438,1977,NH,871873
439,1977,NJ,7342023
440,1977,NM,1225310
441,1977,NV,678154
442,1977,NY,17851561
443,1977,OH,10771362
444,1977,OK,2865865
445,1977,OR,2439477
446,1977,PA,11881959
447,1977,RI,955133
448,1977,SC,2988908
449,1977,SD,689104
450,1977,TN,4401991
451,1977,TX,13192014
452,1977,UT,1316443
453,1977,VA,5205505
454,1977,VT,492180
455,1977,WA,3772421
456,1977,WI,4613339
457,1977,WV,1905696
458,1977,WY,411606
459,1978,AK,402051
460,1978,AL,3833971
461,1978,AR,2240956
462,1978,AZ,2517851
463,1978,CA,22839038
464,1978,CO,2766843
465,1978,CT,3094869
466,1978,DC,670045
467,1978,DE,598183
468,1978,FL,9131410
469,1978,GA,5285688
470,1978,HI,928804
471,1978,IA,2919047
472,1978,ID,911042
473,1978,IL,11434520
474,1978,IN,5446484
475,1978,KS,2333141
476,1978,KY,3611577
477,1978,LA,4073143
478,1978,MA,5742953
479,1978,MD,4211619
480,1978,ME,1115461
481,1978,MI,9202029
482,1978,MN,4004738
483,1978,MO,4871354
484,1978,MS,2487840
485,1978,MT,784108
486,1978,NC,5739221
487,1978,ND,650802
488,1978,NE,1561134
489,1978,NH,893981
490,1978,NJ,7356425
491,1978,NM,1251898
492,1978,NV,719391
493,1978,NY,17720503
494,1978,OH,10795544
495,1978,OK,2912963
496,1978,OR,2509658
497,1978,PA,11864840
498,1978,RI,957247
499,1978,SC,3041015
500,1978,SD,689368
501,1978,TN,4461690
502,1978,TX,13497902
503,1978,UT,1364279
504,1978,VA,5283888
505,1978,VT,498306
506,1978,WA,3886250
507,1978,WI,4630998
508,1978,WV,1920428
509,1978,WY,430953
510,1979,AK,403367
511,1979,AL,3869340
512,1979,AR,2269073
513,1979,AZ,2638572
514,1979,CA,23255178
515,1979,CO,2849298
516,1979,CT,3099931
517,1979,DC,655620
518,1979,DE,598823
519,1979,FL,9470482
520,1979,GA,5390853
521,1979,HI,950042
522,1979,IA,2916824
523,1979,ID,932725
524,1979,IL,11422890
525,1979,IN,5474976
526,1979,KS,2347705
527,1979,KY,3643920
528,1979,LA,4139128
529,1979,MA,5746212
530,1979,MD,4223366
531,1979,ME,1124939
532,1979,MI,9248893
533,1979,MN,4038217
534,1979,MO,4889416
535,1979,MS,2507743
536,1979,MT,789255
537,1979,NC,5801496
538,1979,ND,652317
539,1979,NE,1564670
540,1979,NH,911900
541,1979,NJ,7373065
542,1979,NM,1280594
543,1979,NV,765194
544,1979,NY,17633759
545,1979,OH,10798677
546,1979,OK,2970069
547,1979,OR,2578367
548,1979,PA,11873663
549,1979,RI,956651
550,1979,SC,3086840
551,1979,SD,689106
552,1979,TN,4533346
553,1979,TX,13887550
554,1979,UT,1416142
555,1979,VA,5324338
556,1979,VT,505730
557,1979,WA,4012909
558,1979,WI,4665965
559,1979,WV,1939112
560,1979,WY,451894
561,1980,AK,404680
562,1980,AL,3899671
563,1980,AR,2288809
564,1980,AZ,2735840
565,1980,CA,23792840
566,1980,CO,2909545
567,1980,CT,3114221
568,1980,DC,637161
569,1980,DE,594936
570,1980,FL,9841159
571,1980,GA,5484427
572,1980,HI,961525
573,1980,IA,2915562
574,1980,ID,948582
575,1980,IL,11435454
576,1980,IN,5492740
577,1980,KS,2370088
578,1980,KY,3665364
579,1980,LA,4221583
580,1980,MA,5748441
581,1980,MD,4226191
582,1980,ME,1127825
583,1980,MI,9256676
584,1980,MN,4086746
585,1980,MO,4923025
586,1980,MS,2524011
587,1980,MT,788754
588,1980,NC,5896178
589,1980,ND,654501
590,1980,NE,1572854
591,1980,NH,924802
592,1980,NJ,7376972
593,1980,NM,1309108
594,1980,NV,810232
595,1980,NY,17566376
596,1980,OH,10803551
597,1980,OK,3040067
598,1980,OR,2642128
599,1980,PA,11872347
600,1980,RI,949207
601,1980,SC,3132387
602,1980,SD,690713
603,1980,TN,4600705
604,1980,TX,14337755
605,1980,UT,1473171
606,1980,VA,5367648
607,1980,VT,512824
608,1980,WA,4155198
609,1980,WI,4713991
610,1980,WV,1952874
611,1980,WY,474381
612,1981,AK,418519
613,1981,AL,3918526
614,1981,AR,2293196
615,1981,AZ,2810110
616,1981,CA,24285898
617,1981,CO,2977917
618,1981,CT,3128849
619,1981,DC,636891
620,1981,DE,595974
621,1981,FL,10192814
622,1981,GA,5568420
623,1981,HI,978201
624,1981,IA,2908003
625,1981,ID,962244
626,1981,IL,11443511
627,1981,IN,5480482
628,1981,KS,2384813
629,1981,KY,3670396
630,1981,LA,4283312
631,1981,MA,5768702
632,1981,MD,4261930
633,1981,ME,1133039
634,1981,MI,9209352
635,1981,MN,4111752
636,1981,MO,4932103
637,1981,MS,2539038
638,1981,MT,795330
639,1981,NC,5956718
640,1981,ND,659494
641,1981,NE,1578481
642,1981,NH,936630
643,1981,NJ,7407508
644,1981,NM,1332768
645,1981,NV,847644
646,1981,NY,17567730
647,1981,OH,10788342
648,1981,OK,3096133
649,1981,OR,2667999
650,1981,PA,11858669
651,1981,RI,953015
652,1981,SC,3179269
653,1981,SD,689582
654,1981,TN,4627668
655,1981,TX,14746340
656,1981,UT,1515483
657,1981,VA,5444155
658,1981,VT,515588
659,1981,WA,4235733
660,1981,WI,4726315
661,1981,WV,1954105
662,1981,WY,491700
663,1982,AK,449608
664,1982,AL,3925328
665,1982,AR,2294297
666,1982,AZ,2889877
667,1982,CA,24820025
668,1982,CO,3061599
669,1982,CT,3139008
670,1982,DC,634174
671,1982,DE,599149
672,1982,FL,10471438
673,1982,GA,5649788
674,1982,HI,993775
675,1982,IA,2888209
676,1982,ID,973714
677,1982,IL,11423449
678,1982,IN,5467946
679,1982,KS,2401220
680,1982,KY,3683427
681,1982,LA,4352625
682,1982,MA,5771203
683,1982,MD,4282946
684,1982,ME,1136698
685,1982,MI,9115204
686,1982,MN,4131469
687,1982,MO,4929471
688,1982,MS,2556810
689,1982,MT,803966
690,1982,NC,6019166
691,1982,ND,668960
692,1982,NE,1581747
693,1982,NH,947716
694,1982,NJ,7431031
695,1982,NM,1363854
696,1982,NV,881550
697,1982,NY,17589772
698,1982,OH,10757118
699,1982,OK,3206103
700,1982,OR,2664930
701,1982,PA,11845214
702,1982,RI,954178
703,1982,SC,3207614
704,1982,SD,690586
705,1982,TN,4646050
706,1982,TX,15331379
707,1982,UT,1558322
708,1982,VA,5492848
709,1982,VT,519113
710,1982,WA,4276533
711,1982,WI,4728879
712,1982,WV,1949642
713,1982,WY,506378
714,1983,AK,488423
715,1983,AL,3934100
716,1983,AR,2305796
717,1983,AZ,2968912
718,1983,CA,25360028
719,1983,CO,3133614
720,1983,CT,3162366
721,1983,DC,632433
722,1983,DE,605455
723,1983,FL,10749908
724,1983,GA,5728301
725,1983,HI,1012718
726,1983,IA,2870580
727,1983,ID,981895
728,1983,IL,11408779
729,1983,IN,5450407
730,1983,KS,2415565
731,1983,KY,3694465
732,1983,LA,4395334
733,1983,MA,5799434
734,1983,MD,4313319
735,1983,ME,1144777
736,1983,MI,9047772
737,1983,MN,4141479
738,1983,MO,4943767
739,1983,MS,2567731
740,1983,MT,814009
741,1983,NC,6077149
742,1983,ND,676664
743,1983,NE,1584296
744,1983,NH,958127
745,1983,NJ,7467818
746,1983,NM,1394380
747,1983,NV,901987
748,1983,NY,17686905
749,1983,OH,10737664
750,1983,OK,3290412
751,1983,OR,2653095
752,1983,PA,11837787
753,1983,RI,956378
754,1983,SC,3234093
755,1983,SD,693017
756,1983,TN,4659799
757,1983,TX,15751679
758,1983,UT,1594953
759,1983,VA,5564676
760,1983,VT,523310
761,1983,WA,4300267
762,1983,WI,4721428
763,1983,WV,1945096
764,1983,WY,510350
765,1984,AK,513697
766,1984,AL,3951766
767,1984,AR,2319782
768,1984,AZ,3067125
769,1984,CA,25844380
770,1984,CO,3170024
771,1984,CT,3180017
772,1984,DC,633385
773,1984,DE,611567
774,1984,FL,11039982
775,1984,GA,5835018
776,1984,HI,1027923
777,1984,IA,2858631
778,1984,ID,990811
779,1984,IL,11412194
780,1984,IN,5458334
781,1984,KS,2424119
782,1984,KY,3695426
783,1984,LA,4400521
784,1984,MA,5840782
785,1984,MD,4365282
786,1984,ME,1155646
787,1984,MI,9049453
788,1984,MN,4157708
789,1984,MO,4975276
790,1984,MS,2578030
791,1984,MT,820868
792,1984,NC,6164036
793,1984,ND,680484
794,1984,NE,1588598
795,1984,NH,976879
796,1984,NJ,7515486
797,1984,NM,1416763
798,1984,NV,924917
799,1984,NY,17745710
800,1984,OH,10737767
801,1984,OK,3285581
802,1984,OR,2666598
803,1984,PA,11815214
804,1984,RI,961898
805,1984,SC,3271923
806,1984,SD,697207
807,1984,TN,4686803
808,1984,TX,16007171
809,1984,UT,1622339
810,1984,VA,5643937
811,1984,VT,526662
812,1984,WA,4343670
813,1984,WI,4735588
814,1984,WV,1927675
815,1984,WY,504891
816,1985,AK,532503
817,1985,AL,3972539
818,1985,AR,2327069
819,1985,AZ,3183536
820,1985,CA,26441100
821,1985,CO,3208691
822,1985,CT,3201120
823,1985,DC,634545
824,1985,DE,618287
825,1985,FL,11351091
826,1985,GA,5962708
827,1985,HI,1039689
828,1985,IA,2829691
829,1985,ID,994050
830,1985,IL,11399816
831,1985,IN,5459201
832,1985,KS,2427428
833,1985,KY,3694833
834,1985,LA,4408128
835,1985,MA,5880748
836,1985,MD,4413118
837,1985,ME,1162942
838,1985,MI,9076282
839,1985,MN,4184290
840,1985,MO,5000286
841,1985,MS,2588120
842,1985,MT,822326
843,1985,NC,6253991
844,1985,ND,676978
845,1985,NE,1584659
846,1985,NH,996760
847,1985,NJ,7565511
848,1985,NM,1438385
849,1985,NV,951040
850,1985,NY,17791750
851,1985,OH,10734943
852,1985,OK,3271395
853,1985,OR,2672681
854,1985,PA,11770908
855,1985,RI,968958
856,1985,SC,3303250
857,1985,SD,698404
858,1985,TN,4715288
859,1985,TX,16272777
860,1985,UT,1642906
861,1985,VA,5715198
862,1985,VT,530031
863,1985,WA,4400084
864,1985,WI,4747766
865,1985,WV,1906823
866,1985,WY,499688
867,1986,AK,544270
868,1986,AL,3991552
869,1986,AR,2331988
870,1986,AZ,3308269
871,1986,CA,27102241
872,1986,CO,3237457
873,1986,CT,3223744
874,1986,DC,638280
875,1986,DE,627545
876,1986,FL,11667511
877,1986,GA,6084739
878,1986,HI,1051767
879,1986,IA,2791923
880,1986,ID,990259
881,1986,IL,11387247
882,1986,IN,5454137
883,1986,KS,2432638
884,1986,KY,3687821
885,1986,LA,4406953
886,1986,MA,5902658
887,1986,MD,4487008
888,1986,ME,1170120
889,1986,MI,9127778
890,1986,MN,4205257
891,1986,MO,5023077
892,1986,MS,2593609
893,1986,MT,813770
894,1986,NC,6321646
895,1986,ND,669520
896,1986,NE,1574301
897,1986,NH,1025069
898,1986,NJ,7622189
899,1986,NM,1462762
900,1986,NV,980635
901,1986,NY,17833489
902,1986,OH,10730284
903,1986,OK,3252756
904,1986,OR,2683537
905,1986,PA,11782786
906,1986,RI,977341
907,1986,SC,3342740
908,1986,SD,696014
909,1986,TN,4738700
910,1986,TX,16561153
911,1986,UT,1662830
912,1986,VA,5811695
913,1986,VT,534065
914,1986,WA,4452726
915,1986,WI,4755646
916,1986,WV,1882351
917,1986,WY,495619
918,1987,AK,539324
919,1987,AL,4015266
920,1987,AR,2342405
921,1987,AZ,3437097
922,1987,CA,27777121
923,1987,CO,3260504
924,1987,CT,3247304
925,1987,DC,636931
926,1987,DE,636950
927,1987,FL,11997293
928,1987,GA,6208502
929,1987,HI,1067914
930,1987,IA,2767011
931,1987,ID,985010
932,1987,IL,11391175
933,1987,IN,5473040
934,1987,KS,2445422
935,1987,KY,3683341
936,1987,LA,4344222
937,1987,MA,5935207
938,1987,MD,4565574
939,1987,ME,1184588
940,1987,MI,9187469
941,1987,MN,4235173
942,1987,MO,5056727
943,1987,MS,2588571
944,1987,MT,805084
945,1987,NC,6403731
946,1987,ND,661140
947,1987,NE,1566549
948,1987,NH,1054291
949,1987,NJ,7670784
950,1987,NM,1478507
951,1987,NV,1023357
952,1987,NY,17868881
953,1987,OH,10760062
954,1987,OK,3210172
955,1987,OR,2701015
956,1987,PA,11810896
957,1987,RI,989597
958,1987,SC,3380520
959,1987,SD,696032
960,1987,TN,4782935
961,1987,TX,16621954
962,1987,UT,1678126
963,1987,VA,5932261
964,1987,VT,540266
965,1987,WA,4531896
966,1987,WI,4777977
967,1987,WV,1857590
968,1987,WY,476974
969,1988,AK,541999
970,1988,AL,4023902
971,1988,AR,2342643
972,1988,AZ,3535200
973,1988,CA,28464230
974,1988,CO,3262279
975,1988,CT,3271957
976,1988,DC,630427
977,1988,DE,647621
978,1988,FL,12306421
979,1988,GA,6316185
980,1988,HI,1079830
981,1988,IA,2768370
982,1988,ID,985680
983,1988,IL,11390222
984,1988,IN,5491729
985,1988,KS,2462057
986,1988,KY,3679990
987,1988,LA,4288939
988,1988,MA,5979997
989,1988,MD,4657894
990,1988,ME,1203850
991,1988,MI,9218025
992,1988,MN,4296162
993,1988,MO,5081731
994,1988,MS,2580377
995,1988,MT,800194
996,1988,NC,6480675
997,1988,ND,655324
998,1988,NE,1571465
999,1988,NH,1082583
1000,1988,NJ,7712352
1001,1988,NM,1490356
1002,1988,NV,1075033
1003,1988,NY,17941357
1004,1988,OH,10798630
1005,1988,OK,3167148
1006,1988,OR,2741316
1007,1988,PA,11845774
1008,1988,RI,996406
1009,1988,SC,3412102
1010,1988,SD,698144
1011,1988,TN,4822432
1012,1988,TX,16667146
1013,1988,UT,1689374
1014,1988,VA,6036907
1015,1988,VT,549758
1016,1988,WA,4639911
1017,1988,WI,4822365
1018,1988,WV,1830227
1019,1988,WY,465080
1020,1989,AK,547170
1021,1989,AL,4030239
1022,1989,AR,2346375
1023,1989,AZ,3622180
1024,1989,CA,29218163
1025,1989,CO,3275826
1026,1989,CT,3283420
1027,1989,DC,624160
1028,1989,DE,658279
1029,1989,FL,12637697
1030,1989,GA,6411121
1031,1989,HI,1094587
1032,1989,IA,2770581
1033,1989,ID,994396
1034,1989,IL,11409801
1035,1989,IN,5523668
1036,1989,KS,2472864
1037,1989,KY,3677287
1038,1989,LA,4252958
1039,1989,MA,6015492
1040,1989,MD,4727303
1041,1989,ME,1219968
1042,1989,MI,9253339
1043,1989,MN,4338036
1044,1989,MO,5095833
1045,1989,MS,2574306
1046,1989,MT,799657
1047,1989,NC,6565546
1048,1989,ND,646359
1049,1989,NE,1574848
1050,1989,NH,1104519
1051,1989,NJ,7726114
1052,1989,NM,1503936
1053,1989,NV,1137391
1054,1989,NY,17983082
1055,1989,OH,10829255
1056,1989,OK,3150372
1057,1989,OR,2790579
1058,1989,PA,11866027
1059,1989,RI,1000670
1060,1989,SC,3456772
1061,1989,SD,696787
1062,1989,TN,4854463
1063,1989,TX,16806831
1064,1989,UT,1705886
1065,1989,VA,6120244
1066,1989,VT,557715
1067,1989,WA,4746314
1068,1989,WI,4856478
1069,1989,WV,1806569
1070,1989,WY,458376
1071,1990,AK,553290
1072,1990,AL,4050055
1073,1990,AR,2356586
1074,1990,AZ,3684097
1075,1990,CA,29959515
1076,1990,CO,3307618
1077,1990,CT,3291967
1078,1990,DC,605321
1079,1990,DE,669567
1080,1990,FL,13033307
1081,1990,GA,6512602
1082,1990,HI,1113491
1083,1990,IA,2781018
1084,1990,ID,1012384
1085,1990,IL,11453316
1086,1990,IN,5557798
1087,1990,KS,2481349
1088,1990,KY,3694048
1089,1990,LA,4221532
1090,1990,MA,6022639
1091,1990,MD,4799770
1092,1990,ME,1231719
1093,1990,MI,9311319
1094,1990,MN,4389857
1095,1990,MO,5128880
1096,1990,MS,2578897
1097,1990,MT,800204
1098,1990,NC,6664016
1099,1990,ND,637685
1100,1990,NE,1581660
1101,1990,NH,1112384
1102,1990,NJ,7762963
1103,1990,NM,1521574
1104,1990,NV,1220695
1105,1990,NY,18020784
1106,1990,OH,10864162
1107,1990,OK,3148825
1108,1990,OR,2860375
1109,1990,PA,11903299
1110,1990,RI,1005995
1111,1990,SC,3501155
1112,1990,SD,697101
1113,1990,TN,4894492
1114,1990,TX,17056755
1115,1990,UT,1731223
1116,1990,VA,6216884
1117,1990,VT,564798
1118,1990,WA,4903043
1119,1990,WI,4904562
1120,1990,WV,1792548
1121,1990,WY,453690
1122,1991,AK,570193
1123,1991,AL,4099156
1124,1991,AR,2383144
1125,1991,AZ,3788576
1126,1991,CA,30470736
1127,1991,CO,3387119
1128,1991,CT,3302895
1129,1991,DC,600870
1130,1991,DE,683080
1131,1991,FL,13369798
1132,1991,GA,6653005
1133,1991,HI,1136754
1134,1991,IA,2797613
1135,1991,ID,1041316
1136,1991,IL,11568964
1137,1991,IN,5616388
1138,1991,KS,2498722
1139,1991,KY,3722328
1140,1991,LA,4253279
1141,1991,MA,6018470
1142,1991,MD,4867641
1143,1991,ME,1237081
1144,1991,MI,9400446
1145,1991,MN,4440859
1146,1991,MO,5170800
1147,1991,MS,2598733
1148,1991,MT,809680
1149,1991,NC,6784280
1150,1991,ND,635753
1151,1991,NE,1595919
1152,1991,NH,1109929
1153,1991,NJ,7814676
1154,1991,NM,1555305
1155,1991,NV,1296171
1156,1991,NY,18122510
1157,1991,OH,10945762
1158,1991,OK,3175440
1159,1991,OR,2928507
1160,1991,PA,11982164
1161,1991,RI,1010649
1162,1991,SC,3570404
1163,1991,SD,703669
1164,1991,TN,4966587
1165,1991,TX,17398005
1166,1991,UT,1779780
1167,1991,VA,6301217
1168,1991,VT,568606
1169,1991,WA,5025624
1170,1991,WI,4964343
1171,1991,WV,1798735
1172,1991,WY,459260
1173,1992,AK,588736
1174,1992,AL,4154014
1175,1992,AR,2415984
1176,1992,AZ,3915740
1177,1992,CA,30974659
1178,1992,CO,3495939
1179,1992,CT,3300712
1180,1992,DC,597565
1181,1992,DE,694925
1182,1992,FL,13650553
1183,1992,GA,6817203
1184,1992,HI,1158613
1185,1992,IA,2818401
1186,1992,ID,1071685
1187,1992,IL,11694184
1188,1992,IN,5674547
1189,1992,KS,2532394
1190,1992,KY,3765469
1191,1992,LA,4293003
1192,1992,MA,6028709
1193,1992,MD,4923368
1194,1992,ME,1238508
1195,1992,MI,9479065
1196,1992,MN,4495572
1197,1992,MO,5217101
1198,1992,MS,2623734
1199,1992,MT,825770
1200,1992,NC,6897214
1201,1992,ND,638223
1202,1992,NE,1611687
1203,1992,NH,1117784
1204,1992,NJ,7880508
1205,1992,NM,1595442
1206,1992,NV,1351367
1207,1992,NY,18246653
1208,1992,OH,11029431
1209,1992,OK,3220517
1210,1992,OR,2991755
1211,1992,PA,12049450
1212,1992,RI,1012581
1213,1992,SC,3620464
1214,1992,SD,712801
1215,1992,TN,5049742
1216,1992,TX,17759738
1217,1992,UT,1836799
1218,1992,VA,6414307
1219,1992,VT,572751
1220,1992,WA,5160757
1221,1992,WI,5025398
1222,1992,WV,1806451
1223,1992,WY,466251
1224,1993,AK,599432
1225,1993,AL,4214202
1226,1993,AR,2456303
1227,1993,AZ,4065440
1228,1993,CA,31274928
1229,1993,CO,3613734
1230,1993,CT,3309175
1231,1993,DC,595301
1232,1993,DE,706378
1233,1993,FL,13927185
1234,1993,GA,6978240
1235,1993,HI,1172838
1236,1993,IA,2836972
1237,1993,ID,1108768
1238,1993,IL,11809579
1239,1993,IN,5739019
1240,1993,KS,2556547
1241,1993,KY,3812206
1242,1993,LA,4316428
1243,1993,MA,6060569
1244,1993,MD,4971889
1245,1993,ME,1242302
1246,1993,MI,9540114
1247,1993,MN,4555954
1248,1993,MO,5271175
1249,1993,MS,2655100
1250,1993,MT,844761
1251,1993,NC,7042818
1252,1993,ND,641216
1253,1993,NE,1625590
1254,1993,NH,1129458
1255,1993,NJ,7948915
1256,1993,NM,1636453
1257,1993,NV,1411215
1258,1993,NY,18374954
1259,1993,OH,11101140
1260,1993,OK,3252285
1261,1993,OR,3060367
1262,1993,PA,12119724
1263,1993,RI,1015112
1264,1993,SC,3663314
1265,1993,SD,722159
1266,1993,TN,5137584
1267,1993,TX,18161612
1268,1993,UT,1898404
1269,1993,VA,6509630
1270,1993,VT,577748
1271,1993,WA,5278842
1272,1993,WI,5084889
1273,1993,WV,1817539
1274,1993,WY,473081
1275,1994,AK,603308
1276,1994,AL,4260229
1277,1994,AR,2494019
1278,1994,AZ,4245089
1279,1994,CA,31484435
1280,1994,CO,3724168
1281,1994,CT,3316121
1282,1994,DC,589239
1283,1994,DE,717545
1284,1994,FL,14239444
1285,1994,GA,7157165
1286,1994,HI,1187536
1287,1994,IA,2850746
1288,1994,ID,1145140
1289,1994,IL,11912585
1290,1994,IN,5793526
1291,1994,KS,2580513
1292,1994,KY,3849088
1293,1994,LA,4347481
1294,1994,MA,6095241
1295,1994,MD,5023060
1296,1994,ME,1242662
1297,1994,MI,9597737
1298,1994,MN,4610355
1299,1994,MO,5324497
1300,1994,MS,2688992
1301,1994,MT,861306
1302,1994,NC,7187398
1303,1994,ND,644804
1304,1994,NE,1639041
1305,1994,NH,1142560
1306,1994,NJ,8014306
1307,1994,NM,1682398
1308,1994,NV,1499298
1309,1994,NY,18459470
1310,1994,OH,11152454
1311,1994,OK,3280940
1312,1994,OR,3121264
1313,1994,PA,12166050
1314,1994,RI,1015960
1315,1994,SC,3705397
1316,1994,SD,730790
1317,1994,TN,5231438
1318,1994,TX,18564062
1319,1994,UT,1960446
1320,1994,VA,6593139
1321,1994,VT,583836
1322,1994,WA,5375161
1323,1994,WI,5133678
1324,1994,WV,1820421
1325,1994,WY,480283
1326,1995,AK,604412
1327,1995,AL,4296800
1328,1995,AR,2535399
1329,1995,AZ,4432499
1330,1995,CA,31696582
1331,1995,CO,3826653
1332,1995,CT,3324144
1333,1995,DC,580517
1334,1995,DE,729734
1335,1995,FL,14537875
1336,1995,GA,7328413
1337,1995,HI,1196854
1338,1995,IA,2867373
1339,1995,ID,1177322
1340,1995,IL,12008437
1341,1995,IN,5851459
1342,1995,KS,2601007
1343,1995,KY,3887427
1344,1995,LA,4378779
1345,1995,MA,6141445
1346,1995,MD,5070033
1347,1995,ME,1243480
1348,1995,MI,9676211
1349,1995,MN,4660180
1350,1995,MO,5378247
1351,1995,MS,2722659
1352,1995,MT,876553
1353,1995,NC,7344674
1354,1995,ND,647832
1355,1995,NE,1656992
1356,1995,NH,1157561
1357,1995,NJ,8083242
1358,1995,NM,1720394
1359,1995,NV,1581578
1360,1995,NY,18524104
1361,1995,OH,11202751
1362,1995,OK,3308208
1363,1995,OR,3184369
1364,1995,PA,12198403
1365,1995,RI,1017002
1366,1995,SC,3748582
1367,1995,SD,737925
1368,1995,TN,5326936
1369,1995,TX,18958751
1370,1995,UT,2014177
1371,1995,VA,6670693
1372,1995,VT,589002
1373,1995,WA,5481027
1374,1995,WI,5184836
1375,1995,WV,1823700
1376,1995,WY,485160
1377,1996,AK,608569
1378,1996,AL,4331102
1379,1996,AR,2572109
1380,1996,AZ,4586940
1381,1996,CA,32018834
1382,1996,CO,3919972
1383,1996,CT,3336685
1384,1996,DC,572377
1385,1996,DE,740977
1386,1996,FL,14853360
1387,1996,GA,7501069
1388,1996,HI,1203755
1389,1996,IA,2880000
1390,1996,ID,1203083
1391,1996,IL,12101997
1392,1996,IN,5906013
1393,1996,KS,2614554
1394,1996,KY,3919535
1395,1996,LA,4398877
1396,1996,MA,6179756
1397,1996,MD,5111986
1398,1996,ME,1249060
1399,1996,MI,9758645
1400,1996,MN,4712827
1401,1996,MO,5431553
1402,1996,MS,2748085
1403,1996,MT,886254
1404,1996,NC,7500670
1405,1996,ND,650382
1406,1996,NE,1673740
1407,1996,NH,1174719
1408,1996,NJ,8149596
1409,1996,NM,1752326
1410,1996,NV,1666320
1411,1996,NY,18588460
1412,1996,OH,11242827
1413,1996,OK,3340129
1414,1996,OR,3247111
1415,1996,PA,12220464
1416,1996,RI,1020893
1417,1996,SC,3796200
1418,1996,SD,742213
1419,1996,TN,5416643
1420,1996,TX,19340342
1421,1996,UT,2067976
1422,1996,VA,6750884
1423,1996,VT,593701
1424,1996,WA,5569753
1425,1996,WI,5229986
1426,1996,WV,1822808
1427,1996,WY,488167
1428,1997,AK,612968
1429,1997,AL,4367935
1430,1997,AR,2601090
1431,1997,AZ,4736990
1432,1997,CA,32486010
1433,1997,CO,4018293
1434,1997,CT,3349348
1435,1997,DC,567736
1436,1997,DE,751487
1437,1997,FL,15186304
1438,1997,GA,7685099
1439,1997,HI,1211640
1440,1997,IA,2891119
1441,1997,ID,1228520
1442,1997,IL,12185715
1443,1997,IN,5955267
1444,1997,KS,2635292
1445,1997,KY,3952747
1446,1997,LA,4421071
1447,1997,MA,6226058
1448,1997,MD,5157328
1449,1997,ME,1254774
1450,1997,MI,9809051
1451,1997,MN,4763390
1452,1997,MO,5481193
1453,1997,MS,2777004
1454,1997,MT,889865
1455,1997,NC,7656825
1456,1997,ND,649716
1457,1997,NE,1686418
1458,1997,NH,1189425
1459,1997,NJ,8218808
1460,1997,NM,1774839
1461,1997,NV,1764104
1462,1997,NY,18656546
1463,1997,OH,11277357
1464,1997,OK,3372917
1465,1997,OR,3304310
1466,1997,PA,12227814
1467,1997,RI,1025353
1468,1997,SC,3859696
1469,1997,SD,744223
1470,1997,TN,5499233
1471,1997,TX,19740317
1472,1997,UT,2119784
1473,1997,VA,6829183
1474,1997,VT,597239
1475,1997,WA,5674747
1476,1997,WI,5266213
1477,1997,WV,1819113
1478,1997,WY,489451
1479,1998,AK,619932
1480,1998,AL,4404701
1481,1998,AR,2626289
1482,1998,AZ,4883342
1483,1998,CA,32987675
1484,1998,CO,4116639
1485,1998,CT,3365352
1486,1998,DC,565230
1487,1998,DE,763335
1488,1998,FL,15486559
1489,1998,GA,7863536
1490,1998,HI,1215233
1491,1998,IA,2902872
1492,1998,ID,1252330
1493,1998,IL,12271847
1494,1998,IN,5998880
1495,1998,KS,2660598
1496,1998,KY,3985390
1497,1998,LA,4440344
1498,1998,MA,6271838
1499,1998,MD,5204464
1500,1998,ME,1259127
1501,1998,MI,9847942
1502,1998,MN,4813412
1503,1998,MO,5521765
1504,1998,MS,2804834
1505,1998,MT,892431
1506,1998,NC,7809121
1507,1998,ND,647532
1508,1998,NE,1695816
1509,1998,NH,1205940
1510,1998,NJ,8287418
1511,1998,NM,1793484
1512,1998,NV,1853191
1513,1998,NY,18755906
1514,1998,OH,11311536
1515,1998,OK,3405194
1516,1998,OR,3352449
1517,1998,PA,12245672
1518,1998,RI,1031155
1519,1998,SC,3919235
1520,1998,SD,746058
1521,1998,TN,5570045
1522,1998,TX,20157531
1523,1998,UT,2165960
1524,1998,VA,6900918
1525,1998,VT,600416
1526,1998,WA,5769562
1527,1998,WI,5297672
1528,1998,WV,1815609
1529,1998,WY,490787
1530,1999,AK,624779
1531,1999,AL,4430141
1532,1999,AR,2651860
1533,1999,AZ,5023823
1534,1999,CA,33499204
1535,1999,CO,4226018
1536,1999,CT,3386401
1537,1999,DC,570213
1538,1999,DE,774990
1539,1999,FL,15759421
1540,1999,GA,8045965
1541,1999,HI,1210300
1542,1999,IA,2917634
1543,1999,ID,1275674
1544,1999,IL,12359020
1545,1999,IN,6044969
1546,1999,KS,2678338
1547,1999,KY,4018053
1548,1999,LA,4460811
1549,1999,MA,6317345
1550,1999,MD,5254509
1551,1999,ME,1266808
1552,1999,MI,9897116
1553,1999,MN,4873481
1554,1999,MO,5561948
1555,1999,MS,2828408
1556,1999,MT,897507
1557,1999,NC,7949361
1558,1999,ND,644259
1559,1999,NE,1704764
1560,1999,NH,1222014
1561,1999,NJ,8359592
1562,1999,NM,1808082
1563,1999,NV,1934718
1564,1999,NY,18882725
1565,1999,OH,11335454
1566,1999,OK,3437147
1567,1999,OR,3393941
1568,1999,PA,12263805
1569,1999,RI,1040402
1570,1999,SC,3974682
1571,1999,SD,750412
1572,1999,TN,5638706
1573,1999,TX,20558220
1574,1999,UT,2203482
1575,1999,VA,7000174
1576,1999,VT,604683
1577,1999,WA,5842564
1578,1999,WI,5332666
1579,1999,WV,1811799
1580,1999,WY,491780
1581,2000,AK,627963
1582,2000,AL,4452173
1583,2000,AR,2678588
1584,2000,AZ,5160586
1585,2000,CA,33987977
1586,2000,CO,4326921
1587,2000,CT,3411777
1588,2000,DC,572046
1589,2000,DE,786373
1590,2000,FL,16047515
1591,2000,GA,8227303
1592,2000,HI,1213519
1593,2000,IA,2929067
1594,2000,ID,1299430
1595,2000,IL,12434161
1596,2000,IN,6091866
1597,2000,KS,2693681
1598,2000,KY,4049021
1599,2000,LA,4471885
1600,2000,MA,6361104
1601,2000,MD,5311034
1602,2000,ME,1277072
1603,2000,MI,9952450
1604,2000,MN,4933692
1605,2000,MO,5607285
1606,2000,MS,2848353
1607,2000,MT,903773
1608,2000,NC,8081614
1609,2000,ND,642023
1610,2000,NE,1713820
1611,2000,NH,1239882
1612,2000,NJ,8430621
1613,2000,NM,1821204
1614,2000,NV,2018741
1615,2000,NY,19001780
1616,2000,OH,11363543
1617,2000,OK,3454365
1618,2000,OR,3429708
1619,2000,PA,12284173
1620,2000,RI,1050268
1621,2000,SC,4024223
1622,2000,SD,755844
1623,2000,TN,5703719
1624,2000,TX,20944499
1625,2000,UT,2244502
1626,2000,VA,7105817
1627,2000,VT,609618
1628,2000,WA,5910512
1629,2000,WI,5373999
1630,2000,WV,1807021
1631,2000,WY,494300
1632,2001,AK,633714
1633,2001,AL,4467634
1634,2001,AR,2691571
1635,2001,AZ,5273477
1636,2001,CA,34479458
1637,2001,CO,4425687
1638,2001,CT,3432835
1639,2001,DC,574504
1640,2001,DE,795699
1641,2001,FL,16356966
1642,2001,GA,8377038
1643,2001,HI,1225948
1644,2001,IA,2931997
1645,2001,ID,1319962
1646,2001,IL,12488445
1647,2001,IN,6127760
1648,2001,KS,2702162
1649,2001,KY,4068132
1650,2001,LA,4477875
1651,2001,MA,6397634
1652,2001,MD,5374691
1653,2001,ME,1285692
1654,2001,MI,9991120
1655,2001,MN,4982796
1656,2001,MO,5641142
1657,2001,MS,2852994
1658,2001,MT,906961
1659,2001,NC,8210122
1660,2001,ND,639062
1661,2001,NE,1719836
1662,2001,NH,1255517
1663,2001,NJ,8492671
1664,2001,NM,1831690
1665,2001,NV,2098399
1666,2001,NY,19082838
1667,2001,OH,11387404
1668,2001,OK,3467100
1669,2001,OR,3467937
1670,2001,PA,12298970
1671,2001,RI,1057142
1672,2001,SC,4064995
1673,2001,SD,757972
1674,2001,TN,5750789
1675,2001,TX,21319622
1676,2001,UT,2283715
1677,2001,VA,7198362
1678,2001,VT,612223
1679,2001,WA,5985722
1680,2001,WI,5406835
1681,2001,WV,1801481
1682,2001,WY,494657
1683,2002,AK,642337
1684,2002,AL,4480089
1685,2002,AR,2705927
1686,2002,AZ,5396255
1687,2002,CA,34871843
1688,2002,CO,4490406
1689,2002,CT,3458749
1690,2002,DC,573158
1691,2002,DE,806169
1692,2002,FL,16689370
1693,2002,GA,8508256
1694,2002,HI,1239613
1695,2002,IA,2934234
1696,2002,ID,1340372
1697,2002,IL,12525556
1698,2002,IN,6155967
1699,2002,KS,2713535
1700,2002,KY,4089875
1701,2002,LA,4497267
1702,2002,MA,6417206
1703,2002,MD,5440389
1704,2002,ME,1295960
1705,2002,MI,10015710
1706,2002,MN,5018935
1707,2002,MO,5674825
1708,2002,MS,2858681
1709,2002,MT,911667
1710,2002,NC,8326201
1711,2002,ND,638168
1712,2002,NE,1728292
1713,2002,NH,1269089
1714,2002,NJ,8552643
1715,2002,NM,1855309
1716,2002,NV,2173791
1717,2002,NY,19137800
1718,2002,OH,11407889
1719,2002,OK,3489080
1720,2002,OR,3513424
1721,2002,PA,12331031
1722,2002,RI,1065995
1723,2002,SC,4107795
1724,2002,SD,760020
1725,2002,TN,5795918
1726,2002,TX,21690325
1727,2002,UT,2324815
1728,2002,VA,7286873
1729,2002,VT,615442
1730,2002,WA,6052349
1731,2002,WI,5445162
1732,2002,WV,1805414
1733,2002,WY,500017
1734,2003,AK,648414
1735,2003,AL,4503491
1736,2003,AR,2724816
1737,2003,AZ,5510364
1738,2003,CA,35253159
1739,2003,CO,4528732
1740,2003,CT,3484336
1741,2003,DC,568502
1742,2003,DE,818003
1743,2003,FL,17004085
1744,2003,GA,8622793
1745,2003,HI,1251154
1746,2003,IA,2941999
1747,2003,ID,1363380
1748,2003,IL,12556006
1749,2003,IN,6196638
1750,2003,KS,2723004
1751,2003,KY,4117170
1752,2003,LA,4521042
1753,2003,MA,6422565
1754,2003,MD,5496269
1755,2003,ME,1306513
1756,2003,MI,10041152
1757,2003,MN,5053572
1758,2003,MO,5709403
1759,2003,MS,2868312
1760,2003,MT,919630
1761,2003,NC,8422501
1762,2003,ND,638817
1763,2003,NE,1738643
1764,2003,NH,1279840
1765,2003,NJ,8601402
1766,2003,NM,1877574
1767,2003,NV,2248850
1768,2003,NY,19175939
1769,2003,OH,11434788
1770,2003,OK,3504892
1771,2003,OR,3547376
1772,2003,PA,12374658
1773,2003,RI,1071342
1774,2003,SC,4150297
1775,2003,SD,763729
1776,2003,TN,5847812
1777,2003,TX,22030931
1778,2003,UT,2360137
1779,2003,VA,7366977
1780,2003,VT,617858
1781,2003,WA,6104115
1782,2003,WI,5479203
1783,2003,WV,1812295
1784,2003,WY,503453
1785,2004,AK,659286
1786,2004,AL,4530729
1787,2004,AR,2749686
1788,2004,AZ,5652404
1789,2004,CA,35574576
1790,2004,CO,4575013
1791,2004,CT,3496094
1792,2004,DC,567754
1793,2004,DE,830803
1794,2004,FL,17415318
1795,2004,GA,8769252
1796,2004,HI,1273569
1797,2004,IA,2953635
1798,2004,ID,1391802
1799,2004,IL,12589773
1800,2004,IN,6233007
1801,2004,KS,2734373
1802,2004,KY,4146101
1803,2004,LA,4552238
1804,2004,MA,6412281
1805,2004,MD,5546935
1806,2004,ME,1313688
1807,2004,MI,10055315
1808,2004,MN,5087713
1809,2004,MO,5747741
1810,2004,MS,2889010
1811,2004,MT,930009
1812,2004,NC,8553152
1813,2004,ND,644705
1814,2004,NE,1749370
1815,2004,NH,1290121
1816,2004,NJ,8634561
1817,2004,NM,1903808
1818,2004,NV,2346222
1819,2004,NY,19171567
1820,2004,OH,11452251
1821,2004,OK,3525233
1822,2004,OR,3569463
1823,2004,PA,12410722
1824,2004,RI,1074579
1825,2004,SC,4210921
1826,2004,SD,770396
1827,2004,TN,5910809
1828,2004,TX,22394023
1829,2004,UT,2401580
1830,2004,VA,7475575
1831,2004,VT,619920
1832,2004,WA,6178645
1833,2004,WI,5514026
1834,2004,WV,1816438
1835,2004,WY,509106
1836,2005,AK,666946
1837,2005,AL,4565917
1838,2005,AR,2781097
1839,2005,AZ,5839077
1840,2005,CA,35827943
1841,2005,CO,4631888
1842,2005,CT,3506956
1843,2005,DC,567136
1844,2005,DE,845150
1845,2005,FL,17842038
1846,2005,GA,8925922
1847,2005,HI,1292729
1848,2005,IA,2964454
1849,2005,ID,1428241
1850,2005,IL,12609903
1851,2005,IN,6278616
1852,2005,KR,203937
1853,2005,KS,2745299
1854,2005,KY,4182742
1855,2005,LA,4411396
1856,2005,MA,6403290
1857,2005,MD,5592379
1858,2005,ME,1318787
1859,2005,MI,10051137
1860,2005,MN,5119598
1861,2005,MO,5790300
1862,2005,MS,2876229
1863,2005,MT,940102
1864,2005,NC,8705407
1865,2005,ND,646089
1866,2005,NE,1761497
1867,2005,NH,1298492
1868,2005,NJ,8651974
1869,2005,NM,1932274
1870,2005,NV,2432143
1871,2005,NY,19132610
1872,2005,OH,11463320
1873,2005,OK,3548597
1874,2005,OR,3613202
1875,2005,PA,12449990
1876,2005,RI,1067916
1877,2005,SC,4270150
1878,2005,SD,775493
1879,2005,TN,5991057
1880,2005,TX,22773020
1881,2005,UT,2457719
1882,2005,VA,7577105
1883,2005,VT,621215
1884,2005,WA,6257305
1885,2005,WI,5546166
1886,2005,WV,1820492
1887,2005,WY,514157
1888,2006,AK,675302
1889,2006,AL,4628981
1890,2006,AR,2821761
1891,2006,AZ,6029141
1892,2006,CA,36021202
1893,2006,CO,4720423
1894,2006,CT,3517460
1895,2006,DC,570681
1896,2006,DE,859268
1897,2006,FL,18166990
1898,2006,GA,9155813
1899,2006,HI,1309731
1900,2006,IA,2982644
1901,2006,ID,1468669
1902,2006,IL,12643955
1903,2006,IN,6332669
1904,2006,KS,2762931
1905,2006,KY,4219239
1906,2006,LA,4302665
1907,2006,MA,6410084
1908,2006,MD,5627367
1909,2006,ME,1323619
1910,2006,MI,10036081
1911,2006,MN,5163555
1912,2006,MO,5842704
1913,2006,MS,2904978
1914,2006,MT,952692
1915,2006,NC,8917270
1916,2006,ND,649422
1917,2006,NE,1772693
1918,2006,NH,1308389
1919,2006,NJ,8661679
1920,2006,NM,1962137
1921,2006,NV,2522658
1922,2006,NY,19104631
1923,2006,OH,11481213
1924,2006,OK,3594090
1925,2006,OR,3670883
1926,2006,PA,12510809
1927,2006,RI,1063096
1928,2006,SC,4357847
1929,2006,SD,783033
1930,2006,TN,6088766
1931,2006,TX,23359580
1932,2006,UT,2525507
1933,2006,VA,7673725
1934,2006,VT,622892
1935,2006,WA,6370753
1936,2006,WI,5577655
1937,2006,WV,1827912
1938,2006,WY,522667
1939,2007,AK,680300
1940,2007,AL,4672840
1941,2007,AR,2848650
1942,2007,AZ,6167681
1943,2007,CA,36250311
1944,2007,CO,4803868
1945,2007,CT,3527270
1946,2007,DC,574404
1947,2007,DE,871749
1948,2007,FL,18367842
1949,2007,GA,9349988
1950,2007,HI,1315675
1951,2007,IA,2999212
1952,2007,ID,1505105
1953,2007,IL,12695866
1954,2007,IN,6379599
1955,2007,KS,2783785
1956,2007,KY,4256672
1957,2007,LA,4375581
1958,2007,MA,6431559
1959,2007,MD,5653408
1960,2007,ME,1327040
1961,2007,MI,10001284
1962,2007,MN,5207203
1963,2007,MO,5887612
1964,2007,MS,2928350
1965,2007,MT,964706
1966,2007,NC,9118037
1967,2007,ND,652822
1968,2007,NE,1783440
1969,2007,NH,1312540
1970,2007,NJ,8677885
1971,2007,NM,1990070
1972,2007,NV,2601072
1973,2007,NY,19132335
1974,2007,OH,11500468
1975,2007,OK,3634349
1976,2007,OR,3722417
1977,2007,PA,12563937
1978,2007,RI,1057315
1979,2007,SC,4444110
1980,2007,SD,791623
1981,2007,TN,6175727
1982,2007,TX,23831983
1983,2007,UT,2597746
1984,2007,VA,7751000
1985,2007,VT,623481
1986,2007,WA,6461587
1987,2007,WI,5610775
1988,2007,WV,1834052
1989,2007,WY,534876
1990,2008,AK,687455
1991,2008,AL,4718206
1992,2008,AR,2874554
1993,2008,AZ,6280362
1994,2008,CA,36604337
1995,2008,CO,4889730
1996,2008,CT,3545579
1997,2008,DC,580236
1998,2008,DE,883874
1999,2008,FL,18527305
2000,2008,GA,9504843
2001,2008,HI,1332213
2002,2008,IA,3016734
2003,2008,ID,1534320
2004,2008,IL,12747038
2005,2008,IN,6424806
2006,2008,KS,2808076
2007,2008,KY,4289878
2008,2008,LA,4435586
2009,2008,MA,6468967
2010,2008,MD,5684965
2011,2008,ME,1330509
2012,2008,MI,9946889
2013,2008,MN,5247018
2014,2008,MO,5923916
2015,2008,MS,2947806
2016,2008,MT,976415
2017,2008,NC,9309449
2018,2008,ND,657569
2019,2008,NE,1796378
2020,2008,NH,1315906
2021,2008,NJ,8711090
2022,2008,NM,2010662
2023,2008,NV,2653630
2024,2008,NY,19212436
2025,2008,OH,11515391
2026,2008,OK,3668976
2027,2008,OR,3768748
2028,2008,PA,12612285
2029,2008,RI,1055003
2030,2008,SC,4528996
2031,2008,SD,799124
2032,2008,TN,6247411
2033,2008,TX,24309039
2034,2008,UT,2663029
2035,2008,VA,7833496
2036,2008,VT,624151
2037,2008,WA,6562231
2038,2008,WI,5640996
2039,2008,WV,1840310
2040,2008,WY,546043
2041,2009,AK,698895
2042,2009,AL,4757938
2043,2009,AR,2896843
2044,2009,AZ,6343154
2045,2009,CA,36961229
2046,2009,CO,4972195
2047,2009,CT,3561807
2048,2009,DC,592228
2049,2009,DE,891730
2050,2009,FL,18652644
2051,2009,GA,9620846
2052,2009,HI,1346717
2053,2009,IA,3032870
2054,2009,ID,1554439
2055,2009,IL,12796778
2056,2009,IN,6459325
2057,2009,KS,2832704
2058,2009,KY,4317074
2059,2009,LA,4491648
2060,2009,MA,6517613
2061,2009,MD,5730388
2062,2009,ME,1329590
2063,2009,MI,9901591
2064,2009,MN,5281203
2065,2009,MO,5961088
2066,2009,MS,2958774
2067,2009,MT,983982
2068,2009,NC,9449566
2069,2009,ND,664968
2070,2009,NE,1812683
2071,2009,NH,1316102
2072,2009,NJ,8755602
2073,2009,NM,2036802
2074,2009,NV,2684665
2075,2009,NY,19307066
2076,2009,OH,11528896
2077,2009,OK,3717572
2078,2009,OR,3808600
2079,2009,PA,12666858
2080,2009,RI,1053646
2081,2009,SC,4589872
2082,2009,SD,807067
2083,2009,TN,6306019
2084,2009,TX,24801761
2085,2009,UT,2723421
2086,2009,VA,7925937
2087,2009,VT,624817
2088,2009,WA,6667426
2089,2009,WI,5669264
2090,2009,WV,1847775
2091,2009,WY,559851
2092,2010,AK,714015
2093,2010,AL,4785579
2094,2010,AR,2921737
2095,2010,AZ,6407002
2096,2010,CA,37327690
2097,2010,CO,5048029
2098,2010,CT,3580171
2099,2010,DC,605040
2100,2010,DE,899712
2101,2010,FL,18846461
2102,2010,GA,9712696
2103,2010,HI,1363817
2104,2010,IA,3050223
2105,2010,ID,1570912
2106,2010,IL,12841196
2107,2010,IN,6490029
2108,2010,KS,2858403
2109,2010,KY,4347948
2110,2010,LA,4544871
2111,2010,MA,6564943
2112,2010,MD,5788099
2113,2010,ME,1327568
2114,2010,MI,9876731
2115,2010,MN,5310711
2116,2010,MO,5995681
2117,2010,MS,2970437
2118,2010,MT,990507
2119,2010,NC,9574247
2120,2010,ND,674518
2121,2010,NE,1829956
2122,2010,NH,1316700
2123,2010,NJ,8803708
2124,2010,NM,2064607
2125,2010,NV,2702797
2126,2010,NY,19405185
2127,2010,OH,11539282
2128,2010,OK,3759529
2129,2010,OR,3837073
2130,2010,PA,12711063
2131,2010,RI,1053169
2132,2010,SC,4635834
2133,2010,SD,816227
2134,2010,TN,6355882
2135,2010,TX,25241648
2136,2010,UT,2775260
2137,2010,VA,8025206
2138,2010,VT,625842
2139,2010,WA,6741386
2140,2010,WI,5690403
2141,2010,WV,1854315
2142,2010,WY,564376
2143,2011,AK,722259
2144,2011,AL,4798649
2145,2011,AR,2938640
2146,2011,AZ,6465488
2147,2011,CA,37672654
2148,2011,CO,5116411
2149,2011,CT,3591927
2150,2011,DC,620336
2151,2011,DE,907884
2152,2011,FL,19097369
2153,2011,GA,9810595
2154,2011,HI,1378323
2155,2011,IA,3063690
2156,2011,ID,1583180
2157,2011,IL,12862298
2158,2011,IN,6515358
2159,2011,KS,2868756
2160,2011,KY,4368505
2161,2011,LA,4574388
2162,2011,MA,6612178
2163,2011,MD,5843115
2164,2011,ME,1327968
2165,2011,MI,9876199
2166,2011,MN,5345967
2167,2011,MO,6010280
2168,2011,MS,2977452
2169,2011,MT,996866
2170,2011,NC,9662940
2171,2011,ND,684830
2172,2011,NE,1841641
2173,2011,NH,1318345
2174,2011,NJ,8844694
2175,2011,NM,2077744
2176,2011,NV,2718170
2177,2011,NY,19526372
2178,2011,OH,11543332
2179,2011,OK,3785232
2180,2011,OR,3865845
2181,2011,PA,12742811
2182,2011,RI,1052154
2183,2011,SC,4672744
2184,2011,SD,823338
2185,2011,TN,6396281
2186,2011,TX,25644424
2187,2011,UT,2815430
2188,2011,VA,8107548
2189,2011,VT,626210
2190,2011,WA,6819155
2191,2011,WI,5705812
2192,2011,WV,1854891
2193,2011,WY,567602
2194,2012,AK,730825
2195,2012,AL,4813946
2196,2012,AR,2949208
2197,2012,AZ,6544211
2198,2012,CA,38019006
2199,2012,CO,5186330
2200,2012,CT,3597705
2201,2012,DC,635630
2202,2012,DE,916868
2203,2012,FL,19341327
2204,2012,GA,9911171
2205,2012,HI,1392772
2206,2012,IA,3074386
2207,2012,ID,1594673
2208,2012,IL,12878494
2209,2012,IN,6535665
2210,2012,KS,2885316
2211,2012,KY,4383673
2212,2012,LA,4602681
2213,2012,MA,6659627
2214,2012,MD,5891680
2215,2012,ME,1328101
2216,2012,MI,9886610
2217,2012,MN,5377695
2218,2012,MO,6023267
2219,2012,MS,2982963
2220,2012,MT,1003522
2221,2012,NC,9755299
2222,2012,ND,701380
2223,2012,NE,1854862
2224,2012,NH,1320923
2225,2012,NJ,8882095
2226,2012,NM,2083590
2227,2012,NV,2752410
2228,2012,NY,19625409
2229,2012,OH,11546969
2230,2012,OK,3815298
2231,2012,OR,3893920
2232,2012,PA,12768034
2233,2012,RI,1052761
2234,2012,SC,4719009
2235,2012,SD,832576
2236,2012,TN,6450632
2237,2012,TX,26078327
2238,2012,UT,2854222
2239,2012,VA,8188656
2240,2012,VT,625606
2241,2012,WA,6890899
2242,2012,WI,5721075
2243,2012,WV,1855360
2244,2012,WY,576608
2245,2013,AK,736760
2246,2013,AL,4827660
2247,2013,AR,2956780
2248,2013,AZ,6616124
2249,2013,CA,38347383
2250,2013,CO,5262556
2251,2013,CT,3602470
2252,2013,DC,650114
2253,2013,DE,925114
2254,2013,FL,19584927
2255,2013,GA,9981773
2256,2013,HI,1408038
2257,2013,IA,3089876
2258,2013,ID,1610187
2259,2013,IL,12890403
2260,2013,IN,6567484
2261,2013,KS,2892900
2262,2013,KY,4399121
2263,2013,LA,4626795
2264,2013,MA,6711138
2265,2013,MD,5932654
2266,2013,ME,1327975
2267,2013,MI,9899219
2268,2013,MN,5416074
2269,2013,MO,6041142
2270,2013,MS,2987721
2271,2013,MT,1011921
2272,2013,NC,9849812
2273,2013,ND,722908
2274,2013,NE,1867414
2275,2013,NH,1322622
2276,2013,NJ,8913735
2277,2013,NM,2085161
2278,2013,NV,2786547
2279,2013,NY,19712514
2280,2013,OH,11567845
2281,2013,OK,3849840
2282,2013,OR,3919664
2283,2013,PA,12778450
2284,2013,RI,1052784
2285,2013,SC,4765862
2286,2013,SD,842513
2287,2013,TN,6490795
2288,2013,TX,26479279
2289,2013,UT,2899961
2290,2013,VA,8261689
2291,2013,VT,626044
2292,2013,WA,6963410
2293,2013,WI,5736673
2294,2013,WV,1852333
2295,2013,WY,582341
2296,2014,AK,736759
2297,2014,AL,4840037
2298,2014,AR,2964800
2299,2014,AZ,6706435
2300,2014,CA,38701278
2301,2014,CO,5342311
2302,2014,CT,3600188
2303,2014,DC,660797
2304,2014,DE,934805
2305,2014,FL,19897747
2306,2014,GA,10083850
2307,2014,HI,1417710
2308,2014,IA,3105563
2309,2014,ID,1630391
2310,2014,IL,12882438
2311,2014,IN,6593182
2312,2014,KS,2899553
2313,2014,KY,4410415
2314,2014,LA,4648797
2315,2014,MA,6757925
2316,2014,MD,5970245
2317,2014,ME,1328903
2318,2014,MI,9914675
2319,2014,MN,5452649
2320,2014,MO,6058014
2321,2014,MS,2988578
2322,2014,MT,1019931
2323,2014,NC,9941160
2324,2014,ND,738658
2325,2014,NE,1880920
2326,2014,NH,1328684
2327,2014,NJ,8943010
2328,2014,NM,2083207
2329,2014,NV,2831730
2330,2014,NY,19773580
2331,2014,OH,11593741
2332,2014,OK,3875008
2333,2014,OR,3960673
2334,2014,PA,12790341
2335,2014,RI,1054782
2336,2014,SC,4824758
2337,2014,SD,849455
2338,2014,TN,6540007
2339,2014,TX,26954436
2340,2014,UT,2938671
2341,2014,VA,8316902
2342,2014,VT,625665
2343,2014,WA,7046931
2344,2014,WI,5751272
2345,2014,WV,1847624
2346,2014,WY,583334
2347,2015,AK,737979
2348,2015,AL,4850858
2349,2015,AR,2975626
2350,2015,AZ,6802262
2351,2015,CA,39032444
2352,2015,CO,5440445
2353,2015,CT,3593862
2354,2015,DC,672736
2355,2015,DE,944107
2356,2015,FL,20268567
2357,2015,GA,10199533
2358,2015,HI,1426320
2359,2015,IA,3118473
2360,2015,ID,1649324
2361,2015,IL,12862051
2362,2015,IN,6610596
2363,2015,KS,2905789
2364,2015,KY,4422057
2365,2015,LA,4671211
2366,2015,MA,6794002
2367,2015,MD,6000561
2368,2015,ME,1327787
2369,2015,MI,9918170
2370,2015,MN,5483238
2371,2015,MO,6072640
2372,2015,MS,2985297
2373,2015,MT,1028317
2374,2015,NC,10041769
2375,2015,ND,754859
2376,2015,NE,1893564
2377,2015,NH,1330134
2378,2015,NJ,8960001
2379,2015,NM,2082264
2380,2015,NV,2883057
2381,2015,NY,19819347
2382,2015,OH,11606027
2383,2015,OK,3904353
2384,2015,OR,4016537
2385,2015,PA,12791124
2386,2015,RI,1055916
2387,2015,SC,4892423
2388,2015,SD,854036
2389,2015,TN,6590726
2390,2015,TX,27454880
2391,2015,UT,2984917
2392,2015,VA,8366767
2393,2015,VT,624455
2394,2015,WA,7152818
2395,2015,WI,5759744
2396,2015,WV,1839767
2397,2015,WY,586102
2398,2016,AK,741522
2399,2016,AL,4860545
2400,2016,AR,2988231
2401,2016,AZ,6908642
2402,2016,CA,39296476
2403,2016,CO,5530105
2404,2016,CT,3587685
2405,2016,DC,684336
2406,2016,DE,952698
2407,2016,FL,20656589
2408,2016,GA,10313620
2409,2016,HI,1428683
2410,2016,IA,3130869
2411,2016,ID,1680026
2412,2016,IL,12835726
2413,2016,IN,6634007
2414,2016,KS,2907731
2415,2016,KY,4436113
2416,2016,LA,4686157
2417,2016,MA,6823721
2418,2016,MD,6024752
2419,2016,ME,1330232
2420,2016,MI,9933445
2421,2016,MN,5525050
2422,2016,MO,6091176
2423,2016,MS,2985415
2424,2016,MT,1038656
2425,2016,NC,10156689
2426,2016,ND,755548
2427,2016,NE,1907603
2428,2016,NH,1335015
2429,2016,NJ,8978416
2430,2016,NM,2085432
2431,2016,NV,2939254
2432,2016,NY,19836286
2433,2016,OH,11622554
2434,2016,OK,3921207
2435,2016,OR,4085989
2436,2016,PA,12787085
2437,2016,RI,1057566
2438,2016,SC,4959822
2439,2016,SD,861542
2440,2016,TN,6649404
2441,2016,TX,27904862
2442,2016,UT,3044321
2443,2016,VA,8414380
2444,2016,VT,623354
2445,2016,WA,7280934
2446,2016,WI,5772917
2447,2016,WV,1828637
2448,2016,WY,584910
2449,2017,AK,739795
2450,2017,AL,4874747
2451,2017,AR,3004279
2452,2017,AZ,7016270
2453,2017,CA,39536653
2454,2017,CO,5607154
2455,2017,CT,3588184
2456,2017,DC,693972
2457,2017,DE,961939
2458,2017,FL,20984400
2459,2017,GA,10429379
2460,2017,HI,1427538
2461,2017,IA,3145711
2462,2017,ID,1716943
2463,2017,IL,12802023
2464,2017,IN,6666818
2465,2017,KS,2913123
2466,2017,KY,4454189
2467,2017,LA,4684333
2468,2017,MA,6859819
2469,2017,MD,6052177
2470,2017,ME,1335907
2471,2017,MI,9962311
2472,2017,MN,5576606
2473,2017,MO,6113532
2474,2017,MS,2984100
2475,2017,MT,1050493
2476,2017,NC,10273419
2477,2017,ND,755393
2478,2017,NE,1920076
2479,2017,NH,1342795
2480,2017,NJ,9005644
2481,2017,NM,2088070
2482,2017,NV,2998039
2483,2017,NY,19849399
2484,2017,OH,11658609
2485,2017,OK,3930864
2486,2017,OR,4142776
2487,2017,PA,12805537
2488,2017,RI,1059639
2489,2017,SC,5024369
2490,2017,SD,869666
2491,2017,TN,6715984
2492,2017,TX,28304596
2493,2017,UT,3101833
2494,2017,VA,8470020
2495,2017,VT,623657
2496,2017,WA,7405743
2497,2017,WI,5795483
2498,2017,WV,1815857
2499,2017,WY,579315
